Tweet-text,RC-Type,RC-Head,Role
@Danielmaran0 You can use a app that tells you who is not following you. I use unfollower stats.,restrictive,you,other
"âœ¨ Stolen Kiss

Deeznutstk would kiss you around the corner... ğŸ˜
And you, who would do it?

â¡ï¸ https://t.co/llDPeQ5vSy https://t.co/7dcTbshn7c",appositive,you,other
"â€œThere are two different kinds of ninja. Those like you who are born with a natural talent &amp; do not have to work at it &amp; those like me! The ones who have to train everyday of our lives!â€ - Rock Lee 

New drip from @hypland ğŸ¥·ğŸ½ https://t.co/T19o1BkAv8",restrictive,you,other
"Excited for all of you who don't think the Nintendo Direct will be 10 minutes of Dread, a repeat of that with a voiceover, and then the same with Pokemon Diamond/Pearl.",restrictive,you,other
"@thereidout @JRubinBlogger They have literally said they would prefer to die than compromise with Democrats. 

When someone shows you who they are, believe them.",restrictive,you,other
"âœ¨ Stolen Kiss

KR1SHIEIJI would kiss you around the corner... ğŸ˜
And you, who would do it?

â¡ï¸ https://t.co/FRXFT3os5H https://t.co/l2YzeGFk08",appositive,you,other
"Annie, Jesus said come to Me all you who are heavy laden ( depressed) and I will give you rest. Lay your burdens on Him, He loves you because you are His precious child. God give you peace! https://t.co/fgWjORb51y",restrictive,you,other
Full text for those of you who can't read the image can be found at this link: https://t.co/Nj0zIow3r3,,,
"unlike you, who have to go through 'Marriage' to acquire his last name, i will obtain his last name by slaying him on the top of a mountain and taking it for my own",appositive,you,other
"I just realized something... if you live with a roommate who keeps letting some asshole live with you who keeps stealing from him and moving back in over and over, you can basically steal whatever you want. Everything in the house now belongs to you.",restrictive,you,other
"@RWMaloneMD We are living in sad times, but thank God we have scientist like you who stand behind their convictions!",restrictive,you,obj
"So, it is you who opens the last door? 
No bridge can span the chasm that is between us! 
Look at me, Caim! You must never forget this face.",restrictive,you,other
"@CNBC @US_FDA  your mom  and dad  or grand parents first FDA ! 
You guys in FDA  all of you who are approving that ppls can have three jab of covid vaccine in less then a year must come front of world MEDIAS ,&amp; TV  With your parents and have them to have  a covid vaccine first #FDA",restrictive,you,other
"âœ¨ New Year's Kiss

I'm preparing my best last year kiss and first of the next year KAW4GAR1 ğŸ˜˜ğŸ’•
And you, who will you kiss at midnight?

â¡ï¸ https://t.co/gaqoUjszbP https://t.co/pVthwVvVKm",appositive,you,other
"@mixedracemagic @BritniDWrites @SincerelyTops So. Why do I get to gate keep an identity that had always included a wide range of skin tones?

Simply because YOU who admits or at least says you don't present as Black, believe anyone with mixed race should be excluded. https://t.co/vZIeAGMyCH",restrictive,you,other
"Beautiful mademoiselle. 
Is there fierceness within you? 
Who will survive to the end?",restrictive,you,Sub
"@anoepiphany now ur saying that, ur really desperate to find ways to slander them. They will grow even more. Their growth isnt in a fast pace, but one day more people will recognize their talent and music. ig unlike you who's jobless with no life",restrictive,you,obj
"This from the man who tells you who you can have in your own home. 
Another rules for thee but not for me ruler right here. https://t.co/4KkuFt7EZY",restrictive,you,other
"@frame_vr No, it is you who blows our collective minds by creating such a powerful and easy to use tool. Thank you!",restrictive,you,other
"for those of you who have ever fallen in love with anything, pick an instance and please tell us, how did it feel?",restrictive,you,obj
"For those of you who care. I couldn't care less about Jesse. But, I do hope his wife will be okay. 

Rev. Jesse Jackson expected to be discharged from rehab facility today

https://t.co/gob0V6cz5W",restrictive,you,obj
@HecklerB1 @James21271210 @JArthurMerritt @CanogaKing @usatodayDC @USATODAY Iâ€™ll tell you who Iâ€™m not upset atâ€¦or blamingâ€¦Trump.  That was your first go-to excuse. Now you are back tracking.,restrictive,you,other
@caroljsroth Itâ€™s people like you who keep most of us on @twitter.,restrictive,you,other
"âœ¨ Stolen Kiss

Henry_Stickmin_ would kiss you around the corner... ğŸ˜
And you, who would do it?

â¡ï¸ https://t.co/qGrXzg94k2 https://t.co/Sge4QQScGz",appositive,you,other
@ratattatattata2 I think its you who ned a brain.. im literally trying to explain to you and giving you both sides of the story with those threads but just cant seem to read it ğŸ¤·â€â™€ï¸ im not gonna argue with someone who cant give me facts and points. Keep it up defending YD!! Goodluck tho,restrictive,you,other
Thereâ€™s always that 1 bitch who thinks they run shit at your job. Maâ€™am let me show you who really RUNS SHIT,restrictive,you,obj
"@ActivateLearn Yes. And while it's galling to a lot of us, it must have an extra flavour for someone like you who did serve.",restrictive,you,obj
"Getting your COVID-19 vaccine isnâ€™t just about keeping you healthy; itâ€™s also about protecting everyone around you who could become very sick from COVID-19.

Get your vaccine: https://t.co/jFSppSuYCx. https://t.co/gxGV1DcSLk",restrictive,you,other
"As if itâ€™s been promised, I mumble by myself in front of you, who canâ€™t hear
I want to go to you",appositive,you,obj
"When someone shows you who they are, believe them the first time.",restrictive,you,other
"@VariantTiresias @arizona_bonnie @anthonyzenkus @IbaraEleven @SenSchumer @AdelphiU @Columbia Don't be stupid. I don't think either is worth losing sleep over. It's people like you who are convinced that this is something beause people like Zenkus-no friend to women at all-tell you nonsense. Children don't like adults, no crime.",restrictive,you,other
"A bad job ruins good employees, and with that companies wonder why they have a hard time finding employees. Whoâ€™d you trust when asking about a job ? Someone whoâ€™s worked there or the people trying to hire you? Who knows the cons and whoâ€™s the con artist?  

Just some thoughts.",restrictive,you,other
"âœ¨ New Year's Kiss

I'm preparing my best last year kiss and first of the next year _Charles_Calvin ğŸ˜˜ğŸ’•
And you, who will you kiss at midnight?

â¡ï¸ https://t.co/bEvpY2PdTA https://t.co/olE6nbFfgY",appositive,you,other
"@Sunshin00252093 @Hollywo30274033 @molejoels14 @MaajidNawaz Donâ€™t forget to fight for the freedom of the nurses and doctors you expect to care for you, who will be exposed to high viral loads of COVID every day. For Australian healthcare workers, their struggle may only just be beginning if we donâ€™t get high vaccination rates.",appositive,you,obj
"@Boboog1 Itâ€™s called brotherly love, if I nor care fr you who will?",restrictive,you,other
"I will try to keep people posted with any closer developments of getting a new desktop but for now I will be a bit on the back-burner as I also work on life, sorry for those of you who enjoy me doing goofy stuff on stream and I always appreciate your loving encouragement &lt;3",restrictive,you,other
@patriottakes Well he can ride a bike &amp; run unlike you who couldnâ€™t even walk down a ramp,restrictive,you,other
"it was you who led me through the maze you're my light and salvation
the rain is coming close to an end and I won't let go of your hand
âœ·      Â·  ã€€ã€€ã€€ã€€ã€€Â·
  ã€€ + ã€€  ã€€ Â· ã€€ã€€  âœ« ã€€ã€€ã€€ã€€ã€€ã€€ã€€ 
.      âœº  Â· ã€€.ã€€*  â‹† ã€€.
#SUGA
#SUGAOURWORLD
#MyYooniverse
SUGA OUR UNIVERSE https://t.co/ZaYDtnqc4y",restrictive,you,other
ğŸ‘‡ğŸ¼ğŸ‘‡ğŸ¼ğŸ‘‡ğŸ¼ğŸ‘‡ğŸ¼ğŸ‘‡ğŸ¼ğŸ‘‡ğŸ¼ it is you who has to give up snake ğŸ !!!!  Ozan doesn't love you https://t.co/jHmdkGPuQ2,restrictive,you,other
"To all of you who worked all today, I'm proud of you. HIGH- ğŸ¦¶ https://t.co/y7VEKnqw5y",restrictive,you,other
"alright, i only need $125 now ğŸ˜³ thank you for those of you who have shared and sent money, please keep sharing if you can, i'm so so close ğŸ¤ğŸ½ https://t.co/6CDcnJoXmJ",restrictive,you,other
"@beloved_june Maybe itâ€™ll happen for you, who knows.  Iâ€™m 10-11 years in and really starting to have fun in life.",appositive,you,other
"@marinasmigielsk Yeah.....so cool... Good for you, who gives a shit, you didn't provide any proof.... Just gave some silly made up titles for crazy liberals...",appositive,you,other
"@laurenboebert Hey Bobo, the people that want to come here could make significant contributions to our country as previous immigrants have. Of course, there are exceptions to this, e.g., people like you who are very unproductive.",restrictive,you,other
"de: anÃ´nimo 
para: @sIipipoca 

i say it's you who wipe my tears and brings the light into my darkness",restrictive,you,other
"@TeaPainUSA Pure shame.
When she tell you who she is, believe her..,,  ğŸ‘€",restrictive,you,other
"âœ¨ New Year's Kiss

I'm preparing my best last year kiss and first of the next year TheNotoriousHRT ğŸ˜˜ğŸ’•
And you, who will you kiss at midnight?

â¡ï¸ https://t.co/4ADkmcfbSR https://t.co/2z2nEQ1ByL",appositive,you,other
"â€œCome to me all you who are weary and burdened and I will give you rest. Take my yoke upon you and learn from me for I am gentle and humble of heart and you will find rest for your souls. For my yoke is easy and my burden is light.â€
- Matthew 11:28-30",restrictive,you,other
@EngelsFreddie @Sethrogen Does that mean youâ€™re a moron for trying to correct someone on social media only to find out that itâ€™s you who doesnâ€™t know what theyâ€™re talking about?  Maybe actually use your brain before trying to be â€œsmartâ€ next time lolâ€¦,restrictive,you,other
"@beakemi Sometimes it's hard to open up to people. They might listen but (some of them) will not understand (the pain).

But it's always great to know that there are still people like you who are willing to listen. That's a huge help. ğŸ˜Š",restrictive,you,other
"@luvyouneighbor @johnpavlovitz I am a Christian, you're lying again.  I rebuke homophobes, people like you who do not follow Christ's teachings on anything.  You are lying again.  Don't you know that telling lies is a sin?",restrictive,you,other
the stars would be so proud to know that their atoms created someonelike you who manages to complement you in every way,restrictive,you,other
"Buy land they said... its easy fun and such a great thing...
Something people tell you who don't have land or don't take care of it themselves ğŸ¤£ https://t.co/90PGqlFvyb",restrictive,you,other
"âœ¨ Stolen Kiss

bananabiemilk would kiss you around the corner... ğŸ˜
And you, who would do it?

â¡ï¸ https://t.co/O7JSCjON46 https://t.co/5aSOhhUBj9",appositive,you,other
"â€œWhen someone shows you who they are, believe them the first time.â€ Right @GovStitt?

https://t.co/RluambbuHN",restrictive,you,other
"âœ¨ Stolen Kiss

sebhersey would kiss you around the corner... ğŸ˜
And you, who would do it?

â¡ï¸ https://t.co/a2ZVqSGIOs https://t.co/fYOsJtqBUS",appositive,you,other
"@JustinCarterW @Amalutmani @JustinTrudeau @francoislegault @jjhorgan @fordnation @FureyAndrew And yes, Iâ€™m frustrated with people like you, who just want to blame Justin for taking care of Canadians while giving conservative premiers like kenney and Ford a free pass",appositive,you,obj
@KamalaHarris Before we can move forward s we need to strip away the doctors credentials who are choosing to spread misinformation.  Those of you who are non vaccers. Wake up and do the research.,restrictive,you,other
@CawthornforNC did you really bring a knife to a school board meeting? the hell is wrong with you? who raised you?,restrictive,you,other
@CawthornforNC did you really bring a knife to a school board meeting? the hell is wrong with you? who raised you?,restrictive,you,other
@NPR Same thing with so many cases. Itâ€™s you who donâ€™t cover it so maybe start covering your or learning from the independent reporters that do.,restrictive,you,other
Ohh ahhh look at you who claimed to be not sexually interested in no genders. Ohh ahh look at you now. How does it feels? Sweet like honey. Smooth like butter. Get it let it roll~,restrictive,you,other
"Tibet Bazaar: Â£3,344 raised â€“ thank you! 

Thank you to all of you who placed a bid in Tibet Bazaar and congratulations to the winners! We'll be contacting everyone this https://t.co/TmFGELbmEB https://t.co/V8XmVkaBgR",restrictive,you,other
"A little advice for those of you who subscribe to apps and movies and so forth. After you cancel a subscription, they still have your credit card info. Even if they give you a refund for wrongfully charging your account. They still have your card info. Be careful.",restrictive,you,other
@amyphanwest Good luck. We need more people like you who understand what it's like where we are headed.,restrictive,you,other
"@ManyPawns I couldn't tell you who they are if I do.

*leaning back in his chair, and patting his stomach*

Tell ya what I /do/ have, though. A food baby.",restrictive,you,other
"when someone tells you who they are, believe it and Joe Biden has been telling us who he is for over 40 years now

If you thought ""nothing will fundamentally change""  would be positive,  then you seriously have no business purporting to gaf about anything but the bottom line",restrictive,you,other
"@IamKiraJ ""Even tho I have birth to you, it's actually you who gave life to me"" 
Words so meaningful and heart-feltğŸ˜¢
All I see is Greatness ğŸ‘ğŸ¼ğŸ‘ğŸ¼ğŸ¥°",restrictive,you,other
"When they tell you who they are, believe them. https://t.co/NpEPPsCzkN",restrictive,you,other
"For those of you who donâ€™t know I am doing a postgrad year, at The Peddie School and will be entering the class of 2022!! https://t.co/VYQ19rAi8D",restrictive,you,other
"I applaud all of you who add extra hair for length or whatever reason you choose. Iâ€™m tired of this ponytail in my hair for my uncle wedding, Iâ€™m ready for her to go. Got my friend coming over later to take it out. Gotta go https://t.co/rRLQ26tR7H",restrictive,you,other
@dreamingkass Nobody cares itâ€™s not you whoâ€™s making the games.,restrictive,you,other
@ElijahKyama We all remind you whoâ€™s on the wheelğŸ˜‚#Ole,restrictive,you,other
@FrancescaCawood Iâ€™d say itâ€™s somewhere between the two. Itâ€™s made in Sheffield. Thatâ€™s in Yorkshire so that means itâ€™s good. Iâ€™m sure theyâ€™ll tell you who stocks it. So please get some if you can instead of that Worcester stuff. ğŸ˜¬,restrictive,you,other
"@brig_aloe_rice I do hope you come to your senses. The nazi comparison was there to show you who you share your beliefs with. Nazis are bad, and so is believing things they believed about people they deem subhuman.",restrictive,you,other
@tonyjvila @vixey_picklejar I agree ğŸ’¯ğŸ˜‚. I definitely like the older stuff a lot better. I listen to it more now than anything else. I canâ€™t get into the new stuff today. Couldnâ€™t even tell you who half of them are.,restrictive,you,other
@bUrNtOuT32 @Conserv11190902 @CodyIsAGoodBoy @DonaldJTrumpJr If itâ€™s so effective and so great then me not having it shouldnâ€™t effect you. Also youâ€™re missing the point here bud. If I had the virus I do not need the vaccine because you whoâ€™s vaccinated and me whoâ€™s had the virus both have the same antibodies. Dummy.,restrictive,you,other
"[Giveaway]

ğŸ– ""catlandia"" is open ğŸ–
Come get some DIYs or items you donâ€™t have! Please be mindful of others behind you who want some too.

Shops are open, f...

Join here ğŸ‘‰ https://t.co/tupbzL97d3

#ACNH #ACNHgiveaway #ACNHtrade",restrictive,you,other
Excujeu me. But it takes me exactly 32 minutes to get to you. Who do I need to come give a kiss to? Because this just made me fragile. KSC is ARMY https://t.co/W2gj7JiM5j https://t.co/mNYvWj12Xi,restrictive,you,other
iâ€™m a sophomore in college who has alot of labs to conduct and report and a coding class that takes up me whole weekend but yet and still i take the time out my day to stream and maintain aâ€™s and high bâ€™s unlike you who is projecting https://t.co/pZT51QmBsa,restrictive,you,other
I figured out how to schedule tweets. It's over for the three of you who actually read my posts. You know who you are.,restrictive,you,other
@valensrutagengw @OtimMichael @aimarulinda @brendamutesi3 @LucyHockingsBBC @ckanimba @BBCWorld @freethehero @ahbobin @shinani1 @DavidHimbara @JudiRever @AnaiseKanimba @kittykurth @JaynieMarie See how many people calling his freedom and How many are you who want to deny his rights then come back with your research.,restrictive,you,other
@CryptoJebb @IOHK_Charles He'll come on your show...send him a DM...he'll tell you who to contact to arrange it.,restrictive,you,other
@nypost Karma is a bitch .. hopefully all of you who have these awful comments get a good dose of it,restrictive,you,other
@kimmybtw you think you who,restrictive,you,other
"@BusyElonMusk @HogeFinance @HogeMarketing is that you who put hundreds of hours of work for free to improve hoge project token?
doesn't seems like
who are you and what have you done for this community project?
where is your value in this project?
what is your purpose?
bitching isn't a purpose in a community project.",restrictive,you,other
I just learned about the existence of shohei ohtani funko pops and those of you who know me well enough know I got one of those for every obsession I have from anime to bts to guns n roses. lmfaoooo lord please give me the strength https://t.co/DJWlXNJdAo,restrictive,you,other
"Hereâ€™s a song for youâ€¦ Who Will Comfort Me by Melody Gardot
https://t.co/d7BbzpAs9t",restrictive,you,other
"@JeffTheGK @thegkonline Galatians 6:1a
Brethren, even if anyone is caught in any trespass, you who are spiritual, restore such a one in a spirit of gentleness;",restrictive,you,obj
"@ZorroTheAvenger @AliBeckZeck Says you who got 2 ""experimental jabs"" and has no clue what's in the jab. You got those longitudinal studies for the safe and effective jab. Nope cuz there isn't any. You know what was in that jab? Nope you have no clue. But you have ""been assimilated""",restrictive,you,other
"@AEW @RealBrittBaker @realrubysoho @tntdrama for those of you who don't know, this is the main event.",restrictive,you,other
"For the dozen or so of you who read my blog, I've moved it to a new address to make way for a new website for my book and other writing and work. https://t.co/98vnhBXEDP",restrictive,you,other
"Jika tidak ingin disakiti orang lain, jangan beri atau terima apapun (You Who Come From The Star)",restrictive,you,other
@ToddDoty8 @Penny28417243 @watchwoman_lee FG...ftm....anngl....mtf...her daughter if you look closely has an apple front and center...if you do some digging you will find big daddy didn't get to the pinnacle of fame being a saint....sad....watch the hand signs they will tell you who they worship...ğŸ™,restrictive,you,other
"@LondongirlSJ @plaidshirtguy_ @edgarmash791 @KellyChavers Yes, because most of you who pist stuff like this do it to deflect, but can't show your work. How about doing some percentage rates and show us, not just copy and paste a graph.",restrictive,you,other
"I've said it before and I'll say it again. Susan ğŸ‘ fucking ğŸ‘ Collins. Or . . . when someone shows you who they are the first, second, and third time, believe them. #SusanCollinsIsAHypocrite https://t.co/k0A8CKpCuD",restrictive,you,other
"Saved my life, saying â€œnot you.â€ Who in despite of view is pleased to dote.",restrictive,you,other
"For you who are sad to read the Bible's description of #animal #sacrifices.
#Jesus brought complete #peace to the present day on the cross. So you never have to kill #animals with human hands forever.
Today the animals are our friends!
#Bible #Vegan #vegetarian #Love #Sacrifice",restrictive,you,other
"âœ¨ Stolen Kiss

lixpetistt would kiss you around the corner... ğŸ˜
And you, who would do it?

â¡ï¸ https://t.co/pnVmhOk0dc https://t.co/e1WjOB0Uvn",appositive,you,other
"@colinbrazierGBN *â€œRacistâ€ remarks. 

But wasnâ€™t it you who put Ezra Levant on TV? You seem to like racists.",,,
"I know I am in no position to say anything right now, but still, let me say thisâ€” What do you even know about Doppo?! He tries his best with his life! And yet, you, who knows nothing is running his mouthâ€¦ I donâ€™t want to hear it!",appositive,you,obj
"âœ¨ New Year's Kiss

I'm preparing my best last year kiss and first of the next year shivxnr ğŸ˜˜ğŸ’•
And you, who will you kiss at midnight?

â¡ï¸ https://t.co/AlkA5RGi9P https://t.co/6Kkz1kj5Hq",appositive,you,other
"New fluffy AO3 one shot titled: Anything For You, Deku. 

It was a Twitter thread first but it's cleaned up and filled out a little for any of you who may want to re-read. 
#dkbk #bkdk #bkdktwt #bakudeku #dekubaku https://t.co/Z4z4cT8aYw",restrictive,you,other
"you who swallowed a falling star, o heartless man, your heart shall soon be mine.",restrictive,you,other
@Nicky_the_beard @federisimo @ZachSheldon Iâ€™m confused by all of you who associate Fall strictly with gray skies.,restrictive,you,other
"At the urging of those of you who told me I can't keep eating @RUFFLES and @TomAndJerry for dinner, I have ordered @AllStarPizzaFL for dinner. Now I have cannoli too!",restrictive,you,other
"@GovPritzker You are friends w educators. Have you asked why schools teach that USA is a horrible place? 

Do you want to right wrongs &amp; improve outcomes in actuality? #Illlinois If not you, who?

I've tried to speak to you for yrs. I've seen how schools are up close. Ru there?",appositive,you,other
"Show me how you drive , and I show you who you are  | fast and furious6|",restrictive,you,other
I wish maps tell you whoâ€™s gas is cheaper,restrictive,you,other
Winter always show you who can actually dress,restrictive,you,other
"Keep make friends those who happy with your success who support you in worse 
Stay away with those  who make fun at you who jealous &amp; insult you as a joke  
.
.
#Friends",restrictive,you,other
"@Nathan__Dee its people like you who are snakes, defending the oppressors and turning against those fighting for you. What is special about Afrikaans? The most spoken native language is Zulu followed by Xhosa so what is special about Afrikaans not San?",restrictive,you,other
@themartyrcard Was it you who told me to watch it?!!,restrictive,you,other
i really wish IG told you who be sending your posts to people ğŸ˜‚,restrictive,you,other
"At Halftime weâ€™ll have our 2021 BHS Homecoming Court introduced. Concessions will available sponsored by the Bowler High School SMV!! And for those of you who are unable to attend the game that night, @ZaleskiSports will be there for the Big Game!!",restrictive,you,other
"You who swallowed a falling star, oh heartless man. Your heart shall soon belong to me.",restrictive,you,other
"For me. 
I'm sorry to any of you who are disappointed but performing in the state I'm in is no longer possible. If you like my gaming content and etc. Please join me  at @HunnieB_vtuber! I play horror games, retro, pokemon, I draw, etc! Thank you to all who support me!",restrictive,you,other
And it never be the people thatâ€™s close to you who ask that shit it be the people who never be around on some shit like when u gonna let me watch him when u gonna let me take him like whennnnn u gonna go jump off a bridge,restrictive,you,other
"@ThomsenTN @djuggler @timburchett @GovBillLee I love Nashville, and Tennessee. That's why I find political operatives like you, who think that big business growth and people moving here is more important than the suffering endured by more than one in ten of our citizens so gross. If we're well governed, why is it a problem?",appositive,you,obj
@thehill True colors on display.  Belive her when she shows you who she is.,restrictive,you,other
"@RonFilipkowski When someone tells you who they are, believe them!",restrictive,you,other
@elliotxd_ like i mean look at you!!! who wouldn't flirt with you,restrictive,you,other
"@br_betting i can tell you whoâ€™s won me the most money, Utah st and Michigan st",restrictive,you,other
"thank u to those of you who came out to the stream today, it was fun showing off my little save file project to you guys. i appreciate you and all the support! ğŸ¥ºâ¤ï¸âœ¨",restrictive,you,other
@kk131066 Your Watching ğŸ‘€ğŸ‘€ğŸ‘€ğŸ‘†Facts PPL ğŸ‘†â€Letâ€™s If You Agree PLZ Share What You Just ğŸ‘€ğŸ‘€ğŸ‘€Ed With EveryOne PLZ???THKU To All Of You Who ğŸ‘€ğŸ‘€ğŸ‘€Ed This VideoclipğŸ‘†â€¼ï¸â€¼ï¸â€¼ï¸â€¼ï¸,restrictive,you,other
@alisa2s @TheTxPundit @ZJustzed Oh but honey it'll be you who stays home. What happens when you can't go into a grocery store sans a negative test or vaccine card?,restrictive,you,other
"@John_msee @ztlorance @TheRobotBuddha @KLWalpole14 @Schreiberland No, the proof is on you to explain your fanciful conclusions. Not on me saying your talking nonsense but on you who believe such unprovable silly dreamy bullshit.",restrictive,you,other
"""If not you, who? If not now, when?""
I don't know. Someone else. Later. Hey, you asked!",appositive,you,other
ayoooo the new update tells you who visited your profile ğŸ¤­,,,
"Be aroud people who believes in your dreams, who encourages you, who lift you higher It makes you want to push yourself more. It feels good to have that â€œcheerleaderâ€ someone who has our back.",appositive,you,obj
"Do any of you who received the Covid vaccine know where your vaccine was manufactured?
Please leave a comment if you know.

#RT #CCPVirus #CCP #DecoupleChina",restrictive,you,other
@RobSandIA Religious exemption should never come into play. this is America. Those of you who do not believe in real freedom put on your turn coat and get on a plane for Australia.,restrictive,you,other
"When people show you who they are, believe them the first time.",restrictive,you,other
"When someone shows you who they are, believe them. ğŸ¤·ğŸ»â€â™€ï¸",restrictive,you,other
It doesnâ€™t mean that thereâ€™s something wrong with you or that youâ€™re being the wrong wayâ€”it just means those particular people donâ€™t fit with you &amp; who you are.,restrictive,you,other
@theh1d Was it you who did the pissing?,restrictive,you,other
"âœ¨ New Year's Kiss

I'm preparing my best last year kiss and first of the next year Lan9i3 ğŸ˜˜ğŸ’•
And you, who will you kiss at midnight?

â¡ï¸ https://t.co/lofooTXZD8 https://t.co/b6grsKPWgJ",appositive,you,other
@1MohamedOmar @MofaSomalia Do they  told  to you who  kil you father bos,restrictive,you,other
"âœ¨ New Year's Kiss

I'm preparing my best last year kiss and first of the next year iOSAMUB0T ğŸ˜˜ğŸ’•
And you, who will you kiss at midnight?

â¡ï¸ https://t.co/SJFr37VuyA https://t.co/aWlcyfchLv",appositive,you,other
"Huge W for Britt getting to close a show like this, if this is accurate. Also another omen for those of you who placed your bets on 20 min draw for Omega/Danielson.",restrictive,you,other
"âœ¨ New Year's Kiss

I'm preparing my best last year kiss and first of the next year tehreenao ğŸ˜˜ğŸ’•
And you, who will you kiss at midnight?

â¡ï¸ https://t.co/qQTrG2iC8x https://t.co/ELninsyUKv",appositive,you,other
"I want to try that effect that tells you who you look like, only fr it to tell me I look like sloth from the goonies, you guys know what that effect is?",restrictive,you,other
"The best leaders arenâ€™t the ones constantly reminding you who they are. They arenâ€™t the ones always looking for photo ops, talking the loudest/most, seeking out opps to be seen instead of leading. Being a leader isnâ€™t about everyone (esp outside of your org) knowing who you are.",restrictive,you,other
"@JoshMalina I'm so sorry, for all of you who loved him. The outpouring makes it so much more heartbreaking. But also beautiful. But also sucky. I'm just so sorry.",restrictive,you,other
"Chasing perfection isn't the goal, your growth journey is about pursuing the woman that lives inside you who is waiting to be discovered. You're going after her.  
She's worth it.âœ¨

#confidenceforwomen #confidentwomen #confidencecoaching #confidentwomenglow
#confidencemindset",restrictive,you,other
"Translation: those of you who donâ€™t think masks harm kids are simpletons who need a nice, easy to understand number to quantify everything or youâ€™re just lost because you have zero critical thinking skills. https://t.co/qKqZ0wTyL7",restrictive,you,other
"@andy_murray Nobody told you your service was a few strokes ""above par"" before? Great coaching!?!? Or was it you who was too stubborn to change it? Well, it's never too late to learn. But it would have made some difference if you'd given it some attention ""a few days earlier"".",restrictive,you,other
Should I remind you that it was YOU who reduced your own kingdom to ruins? Or has that guilt finally caught up to you?,restrictive,you,other
The health of our government officials are very important. Our foreign affairs minister is not looking healthy at all. Please those of you who are very close to her should let her know  she  is looking sick. God bless our homeland Ghana https://t.co/SoS2ERDY3v,restrictive,you,other
"@luvyouneighbor @johnpavlovitz Cuz folks like you always stop  reading Romans too soon:
2 You, therefore, have no excuse, you who pass judgment on someone else, for at whatever point you judge another, you are condemning yourself, because you who pass judgment do the same things.",restrictive,you,obj